WORD	EXPRESSED_MORAL
state	-1.057364298030734
year	-1.0048460452817378
time	-0.7911922805942595
city	-1.9831157975568203
late	-0.512716256082058
world	-0.8519914080388844
government	-1.0274593029171228
people	-0.8778351021464914
call	0.7603088626638055
write	0.8416846427135171
century	-0.6588429070543498
states	-0.5547701760660857
party	-1.2182975015603006
national	-0.5745535483583808
group	-0.6577513955999166
school	-0.7974712008144706
area	-1.678066726308316
force	-1.3449735882459208
system	-1.0326268109492958
university	-1.4943846617825332
give	0.5700767198577523
house	-1.5269904742017388
great	0.8191989723127335
numb	1.1586021073162556
court	-1.0378357799490914
south	-0.9297077916562556
political	0.7096221938263625
north	-1.0122535829432309
power	-0.7392436946975067
church	-1.998596106655896
record	-1.1286210713005858
order	-0.7731713326647878
game	-0.8128432921366766
build	-0.5867258139187471
major	-0.8444343835581094
remain	-0.5521046184003353
population	-1.3291711759520697
vote	-0.5277844183729029
team	-1.4948700899258256
company	-1.7000637270975858
season	-0.6972431155154482
consider	0.5299234393460209
home	-1.3041724147624336
child	-0.5754708309541456
continue	-0.5292928618146107
describe	0.8271793145686388
human	0.6708925005514175
period	-0.8096087272278965
language	-0.8374774841358885
line	-1.1001196599099785
water	-0.8967501716688275
military	-0.6908636633306742
march	-0.6761990643572062
west	-1.1224287666263992
king	-1.3063454404473305
land	-1.5825734110549092
establish	-0.5598592509049922
rule	-1.0745583149255251
different	0.5051510413177311
social	0.975645595230162
campaign	-0.6740711361635476
local	-0.5635970868170261
east	-1.1892796448664742
black	0.708735951804556
region	-1.9595502841402777
plan	-0.9287342457100748
position	-0.5029768517706543
july	-0.8816436403430998
office	-0.6651683775708079
believe	0.5443439651280642
center	-0.6200137813575566
island	-1.1202006628736854
river	-1.553992472589016
college	-0.5480579771101475
central	-0.9867397577036172
county	-1.56135791586712
town	-1.676127266138792
community	-1.2986198323778808
think	0.7700297314440832
move	-0.6018047779798508
young	0.7122026402503252
body	-0.8133505337173119
month	-1.1218177746050058
western	-0.8973528523929417
attempt	-0.6360185224330053
pass	-0.9243620962370188
battle	-0.6974304706673138
field	-0.8312655556946993
organization	-0.5350348638603464
district	-1.8652435280382635
action	0.7801391284447163
league	-1.8640337260439992
interest	-0.5121240483131261
title	-0.5499261450022459
occur	-0.579187257681042
father	-1.3309813879895955
good	0.8751367097720504
roman	-0.7737593406345695
council	-0.9787733073462732
park	-1.4055648292414844
production	-0.6053565157344565
fall	-0.7999729197472334
business	-0.6542023122310638
song	-0.501921683200635
offer	0.5033092810772359
market	-0.8180463546887041
argue	0.6397317136870697
culture	-0.9777048673131504
practice	-1.0143239945173264
site	-1.5371058540185911
science	0.5244809433352202
story	-0.657196773448959
post	-0.5407968177460134
club	-1.552211113885278
bill	-0.5727032311260699
original	-0.7167571354657412
short	0.6924739331589079
project	-0.5715326697099954
division	-1.6143012251704931
congress	-0.9554447991540655
exist	-0.9766278131864964
fight	-0.6566798449493945
band	-0.9232874165754764
ship	-1.3534095748327672
fund	-1.1649145336705258
send	-0.5860302262008189
sell	-1.0295968791469932
southern	-1.0072047188295985
northern	-0.9396320236846804
generally	0.5932640740647912
despite	-0.6655721976421773
france	0.6330487520317547
date	-0.5798063299153
version	-0.9223001013160684
governor	-1.0150323784910142
primary	-0.5273679678793997
operation	-0.7710824180394411
standard	-0.912719815503806
week	-1.033235360402614
washington	0.5229464755393565
half	-0.6475361110642552
kingdom	-1.9916498949751256
empire	-1.351300919195637
direct	0.8575014155358076
station	-0.9682717921677976
carry	-0.5580587986623868
little	0.6002870695665479
department	-1.2558635617024263
structure	-1.0164738761959595
special	0.5172075334412511
reduce	0.7221544850617647
william	0.7705675628967583
eastern	-1.2002062792889774
authority	-1.0147191584110258
natural	0.5369856231845915
majority	-0.6387305385433137
tell	0.6334628467448056
locate	-1.0065608108707238
network	-1.0789636420086026
industry	-1.2076418208889663
operate	-1.0524449929034745
effort	-0.6007961700670421
board	-0.5540411921683699
street	-0.8264243174344301
unit	-1.169529658043757
element	-0.6404647687450051
today	-0.9509726213291289
chinese	-0.5882930080406368
plant	-0.8987360838800669
method	-0.5821812474168837
india	0.7541063092648983
wife	-0.6580571490339935
road	-1.1169015408959242
self	0.7061868621967733
oppose	0.5019000833854079
territory	-2.2918835869058967
economy	-1.0950359522830695
mother	-1.2452026098617353
police	-0.6475287317298353
certain	0.6980317085981369
centre	-0.6229028003290296
author	0.7274838934536092
percent	-0.7891116723185405
part	-0.5444955928251147
ancient	-0.6366390984039754
republic	-1.0737810332793742
separate	-0.6133240454364568
money	-0.6852893837203737
seat	-0.9156597200781108
nature	0.6101897279731929
real	0.5953292656922713
read	0.7170684557640925
royal	-1.2946714721620085
constitution	-0.6278446968644857
loss	-0.536411122768186
promote	0.5308631923981011
lack	1.0621136338450017
canada	-1.1708130008337319
jewish	-0.6361977173946798
liberal	0.6762943938374519
museum	-1.3612809717305936
review	0.5115131344646215
brother	-0.9026773696532472
love	0.6043737598229201
supply	-0.5381983169354498
express	0.6793658868409693
text	-0.7660260449629277
troop	-1.478994688950479
feel	0.7015372468158603
football	-0.5905905710533261
wide	0.6398364689666778
muslim	-0.6518837194889784
bird	-0.7651531915180385
section	-1.2337074437527915
speech	0.5922177289612591
construction	-0.6400127563392743
coast	-0.8073027590289712
lake	-1.1502490709535778
wall	-1.4695978024974463
institute	-0.7496887096203864
israel	0.8671658062376082
henry	0.9210674373898656
border	-1.5478292149491608
texas	0.9926127335056664
capture	-0.8327020895449095
province	-2.235021537868306
writer	0.858468227321282
location	-1.3626748197712004
magazine	0.5244858558289707
russia	0.7815125718479976
care	0.6886059406679124
historical	-0.6021481782663614
victory	-0.6088365148752928
parliament	-1.1959771489200648
institution	-1.280472744256258
native	-0.7600623263861053
match	-0.5644498486071825
peace	0.5646749101579189
senator	-0.5753919032867998
professional	0.662118800682947
building	-1.4098187217023224
vary	0.6613286975771189
daughter	-0.7108816129039042
decade	-1.081926766782999
regard	0.58429638389498
port	-1.2280457995366303
previous	-0.9998330113012344
paper	-0.6812366747763008
destroy	-0.6244845305336639
previously	-0.6110088501591235
commercial	-0.7202697061002254
blood	-0.6471151690930128
prior	-0.6545650397893041
discover	-0.6016851630993187
document	-0.6675017175730318
arrive	-0.5261779818683863
navy	-1.5218904557987116
treaty	-0.7644058421719819
tree	-0.7174470731988549
soldier	-0.988233515061438
convention	-1.2139826596248895
parent	-1.1729073119349778
code	-0.7307876313570887
staff	-0.722962576081045
forest	-1.6357518564909697
collection	-1.1392353060655296
sexual	0.5894931382499635
campus	-0.9769266061484814
interview	1.05061792768538
past	-0.7041140482760966
smith	0.5034844400361179
library	-1.608900090213865
highly	0.7491538619942729
reject	0.6439682724885643
fish	-0.5902800008188933
survive	-1.3002771311439574
channel	-1.1561625129543245
mission	-0.8263294585049152
credit	0.8081473070196807
mountain	-0.8045072425156832
gold	-0.78795422881376
aircraft	-0.5177247734973207
branch	-1.4865703848190606
criticize	0.7963519245968199
labor	0.6034214820247144
hill	-0.8590504180756398
asia	-0.9681700568180532
route	-1.1843726648949089
analysis	0.5072309760143979
bridge	-1.1811684812419116
emperor	-1.2196758966892958
transfer	-0.7343251295387745
sale	-1.0312306929699844
saint	-0.8332888900768012
transport	-0.5042838994413614
purchase	-0.7467642682604492
settlement	-1.0557633033022285
michael	0.5729494972038083
winter	-0.5491752757225186
colony	-1.7272985018789768
festival	-0.6827282924205065
critical	0.9745522644370794
hospital	-1.2011175549123436
lord	-0.7260837497306056
depend	0.5037667318247259
airport	-1.5103691765107214
store	-1.5928567294031382
bible	-0.7959443377330899
broadcast	-0.6775231785140932
academy	-1.1710113552981056
valley	-0.9807256156345828
track	-0.6150280545698479
manage	-1.1071935376094189
speed	0.6242708107456565
regional	-1.0490612359717488
championship	-1.3457264679891523
village	-1.5861230338923633
bush	-0.5235603516921401
facility	-1.4319655606523156
foot	-0.7317748409695923
block	-0.7092914134263992
select	0.8731589395320043
technique	-0.5207858327776194
conclude	0.5610378943383694
advocate	0.7857976753730327
temple	-1.5531903110531855
management	0.5536907427012919
negative	0.6616087317233905
camp	-1.0582530447281897
protest	-0.5535298294853419
faith	-0.5344220884144306
reserve	-1.3347952341428029
responsible	0.5030448617180809
obama	0.5596982046845369
resident	-1.112856503459625
occupy	-0.9095005735289304
compose	0.5190249495208263
fort	-1.560506392735988
appeal	0.7534104250371456
farm	-1.5397741449996831
employ	0.6318545388057828
behavior	0.6164651950821279
scene	-1.2013493033591658
presence	-0.6647860067896545
simple	0.7762436866760254
subsequently	-0.6938720745965838
spring	-0.6346357878646813
christ	1.095308962278068
positive	0.9083943464793264
talk	0.8399266225751489
mind	0.7499594104010612
encourage	0.6233364436775446
firm	-0.9057786270859652
simply	0.8104437771253288
overall	0.6316423134412616
crisis	-0.7246626515407115
accuse	0.7437205084133893
acquire	-0.5120368030620739
abortion	0.6252744772937149
comment	0.843348667724058
railway	-1.6045897891744971
labour	0.7095248429104686
dark	0.7776638868890586
clinton	1.5685967649333181
deny	0.8958620897028595
corporation	-1.3738875464187004
alternative	0.936811612918973
pope	-0.6926837316714227
effective	0.9497668604017236
construct	-0.5680671425070614
owner	-0.6178453644970432
cold	0.560288303764537
assume	0.5841647512279451
jackson	0.6688595339655876
mile	-1.0691129341139458
ocean	-0.5941102665674407
couple	-0.7599039955530316
guard	-0.7574379146099091
instrument	-0.6299116020090878
sister	-0.9082987680158112
jersey	-1.0060883855912834
root	-0.6555646425113082
wrong	1.3479525729781017
theatre	-0.5783770410344005
invasion	-0.7456238263112027
studio	-1.3313362181652335
budget	-0.6467843542341143
dynasty	-1.67053316347301
theme	-0.6288634791853838
bond	-0.7674587287474424
officially	-0.6633140277117491
recently	-0.6947662127204239
retain	-0.5491200243122876
zone	-0.5799511140212417
sector	-1.449439656920731
respond	0.5209058322943747
queen	-0.5513807919342071
identity	-0.6525242747738957
prince	-0.8152745668776333
naval	-0.5289613823988475
prison	-0.5508156421128659
pattern	-0.8308578249998391
manufacture	-0.7673079565865919
secure	-0.5718850325793028
actor	0.5666800737380981
aspect	-0.6700223870575428
opportunity	0.6001213742420077
breed	-0.6103106066584587
partner	-0.5458827842958272
cancer	0.6421723319217563
ring	-0.8521988540887833
side	-0.7152460024517495
connection	-0.5419901422792464
fleet	-1.8378604068420827
investment	-0.6171379771549255
background	-0.7632343880541157
joint	-0.5140174201223999
martin	-0.6999713653640356
portion	-1.3496631202287972
component	-0.805244131013751
stadium	-1.3099911351455376
resign	0.6016496266238391
bishop	-1.4626201251521709
congressional	-0.5431853379122913
environmental	0.7570317431818694
finance	-0.5823126492068695
alexander	1.2094700870802626
ethnic	-0.7310244796099141
ally	-0.8339430703781545
tower	-1.0706100445240736
editor	0.6307947938475991
founder	0.5431393062754069
moral	0.9552435046061872
super	0.5956063419580461
husband	-0.809515621047467
horse	-0.8278811248019338
symbol	-0.7369866460794583
happen	-0.6394439368450548
establishment	-0.6382347452454269
forward	0.9598078029230236
reign	-0.8129153437912464
historic	-1.40625666314736
fully	-0.5077720400877297
vietnam	0.5092188722919673
broad	0.514576100744307
coalition	-0.5207912905607373
register	-0.5734589667990804
stock	-1.1460658012438216
permit	-0.6742727347882465
eagle	-0.8023380413651466
completely	-0.8078786014812067
threaten	-0.6381724301027134
online	0.8164338175556622
crown	-0.8455863269045949
quarter	-1.4274827740155158
celebrate	-0.6384198453743011
discovery	-0.5877876966260374
estate	-1.4254459717049028
ford	-0.9003413068130612
passage	-0.5650303743313998
software	0.5894082400482148
bowl	-0.6756636161589995
corps	-1.1375579945743084
collect	-0.5303002307191491
headquarter	-1.4768524691462517
table	-0.721572203328833
sponsor	-0.5814942687284201
wood	-0.6495694727636874
evolution	0.6265391984488815
imperial	-0.622842235956341
heavily	-0.7321365310344845
immigrant	-0.5927269503008574
tribe	-1.7254436494076801
praise	0.9552468131296336
revolutionary	0.548717450699769
core	-0.6864802874624729
household	-0.6174476151354611
brand	-0.6837567952461541
architecture	-0.8589501270471374
islam	1.4106385819613934
literary	0.7499464324500877
resolution	-0.5855477631557733
license	-0.630025357066188
admit	0.7124380972236395
revenue	-0.759257291443646
ground	-0.9153646533377467
requirement	-0.5971819532569498
last	-0.5037738045211881
flag	-1.0639855037443342
thousand	-0.6334928949363531
chapter	-0.9434644229477273
journalist	0.9007425834424794
nearby	-1.0189753980375826
girl	-0.5839548292569816
expression	1.0974753396585584
proposal	-0.5329997693188488
chart	-0.6860613492899574
chain	-1.2146308356896045
notably	-0.5874339316505939
hire	0.8796942488988861
uniform	-0.5870783226564527
ministry	-0.5150598399341106
truth	0.6607582243159413
roosevelt	0.5521901114843786
jurisdiction	-1.2873105793260038
civilian	-0.5335191451013088
significantly	-0.7708955775015056
schedule	-0.8048663432127796
memory	-0.8069127844646573
legislature	-0.9774234709329904
hitler	0.6246945968596265
palace	-1.2896893215220189
arts	0.6078991424292326
garden	-0.6385946150985546
debt	-0.8454133427003399
warm	0.5446499711833894
influential	0.6795489643700421
closely	-0.5423078611493111
silver	-0.7938302555121481
regime	-1.0090778947342187
morning	-0.5120199760422111
mine	-1.2921154504292645
card	-0.5656399752479047
description	0.5281319956993684
memorial	-0.5862311464734375
wilson	0.5139044709503651
restore	-0.7090663058916107
activist	0.6896131006360521
newly	-0.7240455532446504
philosopher	0.7834910806268454
rural	-0.8554281368851662
castle	-1.7157272676704451
polish	-0.5181357888504863
agricultural	-1.0463461665203797
agriculture	-0.7392596486024559
cabinet	-0.5102887077955529
exercise	0.711310523096472
boundary	-1.458295806311071
widespread	-0.5448133747559041
floor	-0.5536201907088979
platform	-0.6181422605295666
collapse	-0.5410184785141611
prisoner	-0.5831760680302978
item	-0.924756082240492
yellow	0.5632673141954001
railroad	-1.3718105055158958
ceremony	-0.838649231242016
infantry	-1.028663451783359
export	-1.1277273434679955
consumer	0.5157982278615236
nominate	1.0684321536682546
lincoln	0.7634926373139024
korean	-0.6011692724423483
equipment	-0.8266219177749008
easy	0.7892039155121893
yard	-1.0779247065074742
mental	0.5501969000324607
steel	-0.5761517174541949
priest	-0.6231185691431165
fair	1.1888824850320816
heritage	-1.5562953494954854
edge	-0.5241939266561529
layer	-0.503543738333974
nazi	0.5153105395147577
delay	0.626106642652303
vessel	-1.2797844887245446
women	-0.5124112188932486
dollar	-1.0231139170937242
beach	-0.705892444588244
portray	0.9465095070190728
radical	1.368632435798645
screen	-0.5062331997323781
canal	-0.9996269678231328
frank	1.7151401358423757
soil	-0.8790012188255787
playoff	-0.6851770714856684
rival	-0.8708764113252982
guide	0.7452776548452675
parish	-1.4051817650906742
hotel	-1.2710441870149225
taxis	-0.6344791008159518
discussion	0.6161704766564071
characterize	0.6919199567637406
rail	-1.0209570364095268
entitle	0.7082699007587507
answer	1.0808050232008102
brigade	-1.2659535498096377
extremely	0.6171139112266246
organisation	-0.6207412506410037
lewis	-0.5137985228793696
progressive	1.2110388925066218
provision	-0.8087839545914903
intellectual	0.89879878051579
session	-0.5262597135733813
external	0.8358491430990398
unknown	0.6092690480872989
sunday	-0.9601701903156936
false	1.2304877508431673
selection	0.7333441665396094
successfully	-0.7654561512172222
bone	-0.920785702764988
extreme	1.0863316294271501
medal	-0.8822368858382106
boat	-0.6046840469352901
flee	-0.8508218649076298
quote	0.7574975478928536
entertainment	0.8576228907331824
carrier	-0.9543986646458508
theater	-1.0120877021108754
franchise	-1.0336951273493469
metropolitan	-0.7380299647338688
bell	-0.5290340884821491
guest	0.5808267253451049
roll	-0.5728414475452155
perceive	0.7012860891409218
gulf	-1.0480061010457575
shop	-0.7715237003285438
path	-0.5869503038120456
duke	-1.1068541733548043
occasion	-0.8705476542236283
storm	-0.7187799988314509
recover	-0.8458927372121252
legacy	-0.5905849903356284
plot	-0.6217564403777942
prohibit	-0.5543008864624426
ruler	-1.2547774461563677
economics	1.9026054991409185
charter	-1.2717166664078832
coal	-0.8966066356515512
rapidly	-0.7037791903130709
expedition	-0.8927468628971837
effectively	-0.7003686454263516
technical	0.5510361180058679
cavalry	-1.0443219919689
christmas	-0.5596970277838409
interpret	0.7075850137043744
employment	0.8944642194546759
tournament	-0.8341958023956977
destruction	-0.6129487939178944
shell	-0.5336421247338876
farmer	-0.8500891602598131
flood	-0.730102320201695
raid	-0.7012353711761534
formula	-0.8601042112568393
cool	0.6297120936214924
bury	-0.6747779273428023
phenomenon	-0.5163427754305303
southeast	-1.0438831723295152
plate	-0.847308152471669
maximum	0.7991842941846699
expose	0.7973865917883813
cathedral	-1.7911432856926697
glass	-0.5619638133794069
imply	0.8825426764960866
error	1.0589386185165497
peninsula	-1.5348860691301525
retreat	-0.5198181662126444
divine	0.5936509806197137
factory	-1.6244002152234316
inhabitant	-0.9511768673546612
parallel	-0.5994600404519588
statue	-0.6748227830976248
pitch	0.6199071769369766
loan	-0.5116796833463013
artillery	-0.5109436484053731
opposite	0.9692647567717358
dominant	-0.729213229031302
hide	-0.5632691178470849
recall	0.5795085704885423
rebel	-0.8991126628243364
safe	0.7262807574588805
moscow	0.6800333424471319
moderate	1.0611152905330528
affiliate	-0.8409122010343708
municipality	-1.6463510418543592
import	-0.8952325353166088
ideal	0.9549992005340756
scheme	-0.791879104450345
infrastructure	-1.182282247580588
harry	-0.978607418597676
hundred	-0.7152820880583022
documentary	0.706216205842793
highway	-1.5880311417859048
script	-0.834653475205414
desert	-0.6230990653857589
painting	-0.9101565517485142
trail	-0.6892148442566395
coastal	-0.6886303118662909
merchant	-0.8992515094578266
reduction	0.829676466062665
corruption	0.5543787803035229
clothe	-0.5200175138015766
neighborhood	-1.5415781401097777
dismiss	1.304681770503521
door	-0.7065251916646957
turkey	-0.8077451723147533
residence	-0.7570298768114299
deposit	-1.4438744029030204
delegate	-0.7885213254194241
format	-0.9376714406535028
pain	0.6305192892032211
crop	-1.0168633373687044
bureau	-0.6889669429510832
opus	0.7898737952345982
correct	1.0891103195026517
improvement	0.5516644874587655
partnership	-0.5893381976056844
restaurant	-1.0880839872115755
satellite	-0.5872998825507239
asset	-1.6871770115685651
regiment	-1.717482278123498
occupation	-0.6397215293254703
gradually	-0.7403634702786803
entity	-0.8237998289987445
evil	1.0303047602064908
comic	0.5678530319128186
trend	-0.9336773846298456
northwest	-0.8837380913319066
vocal	0.5366729609668255
monument	-1.5865371961845085
custom	-1.677699290215969
commonwealth	-0.5220046453177929
explore	0.7447814422193915
tourist	-0.5405315042007715
capable	1.1569437170401216
useful	0.9875869266688824
rebellion	-0.7545707589015365
atheist	1.3024853514507413
plain	-0.9316535263787956
immediate	0.5741542062023655
mineral	-0.9406229606829584
dialect	-1.302706245915033
personnel	-0.5600980808958411
hollywood	1.3725686520338058
reagan	0.5705790508072823
essay	0.6938614626415074
remark	0.9439297989010812
examine	0.5124836293980479
holiday	-1.505977767985314
superior	0.5808559749275446
reader	0.5595161058008671
multi	0.5534189452591818
merge	-0.5412354292930104
curve	0.5002646795473993
miller	-1.0749909613805355
landscape	-0.8436133181676269
edit	0.6750485748052597
manuscript	-1.0007757332059557
battery	-0.5867147565586492
legend	-0.9441150850616395
sufficient	0.7540013196412474
tissue	-0.6589367687702179
pure	0.7105623530223966
possession	-0.7997435657307506
invade	-0.5551540460437536
warren	-0.8881719139171764
explanation	0.6217843623016961
federation	-1.0028862876351925
appropriate	0.7019204907264793
howard	1.0875878506340086
visible	-0.6408004987606546
seize	-0.7273281132802367
folk	-0.8114518399816006
laboratory	-0.9347472279332578
rally	-0.5366964901331812
axis	-0.6520379221765324
outcome	0.8204235825687647
proof	0.5965442205779254
furthermore	0.5466700210236013
statute	-0.5090680150315166
currency	-1.7821921930299143
nixon	0.7534237783402205
marshall	0.6737656844779849
gallery	-0.7823492288589478
psychology	0.5642253789119422
conquest	-0.8752307173563167
domain	-1.228090005926788
philosophical	0.6904936619102955
perfect	1.2316300133243203
refugee	-0.737614139681682
briefly	-0.6463069745805115
absolute	0.8104735547676682
practical	1.106633922783658
neighbor	-1.963074368075468
afghanistan	-0.6136783491820097
discrimination	0.8566689826548101
wine	-0.5120694446377456
sleep	0.6547366436570883
celebration	-1.1124868784099815
conquer	-0.930229666060768
customer	-0.7334184482460842
window	-0.7382056638598442
administer	-0.5879561647307128
merely	0.7073652595281601
gross	-0.8168630542786559
dangerous	1.466092181392014
giant	-0.5751231648027897
elite	-0.8466317011043429
clark	-0.808749578660354
doubt	0.5409462125971913
wolf	-0.8854156630113721
anglo	-0.7865971546852961
annually	-0.5927875006709655
siege	-1.0370353873004206
diverse	0.5133671606890857
educate	0.5899672796949744
consecutive	-0.9788725275429896
childhood	-0.5928247161209583
ambassador	-0.6349661685526371
tropical	-0.5554075222462416
shore	-1.113336544833146
gate	-1.2677902672439814
bias	0.9606198727851734
turkish	-0.5386409959755838
lecture	0.6072456194087863
depth	0.6024767711642198
downtown	-1.4831249682974883
stalin	0.5799667669925839
cash	-0.9594717724248768
impossible	0.5758000342175364
touch	0.5433434031438082
guilty	0.9389894208870828
extra	0.8584185861982405
donate	-0.7555265007540584
manufacturer	-1.352810543961823
therapy	0.7411008919589221
steve	-0.5638411329127848
render	0.6119584031403065
enforce	-0.5379777461057529
southwest	-1.0454340861178937
psychological	0.9052939796820284
economist	0.5740398544585332
blame	0.5098430807702243
margin	-0.7853745413303841
victoria	1.5707166461506858
variant	-0.644117446267046
descendant	-0.5954543251427822
civilization	-0.7650358732789755
tunnel	-0.6952453013509512
settler	-0.8589008632116021
compromise	0.5399512934091035
buddhist	-0.6157201055902988
homosexual	1.1741254720836878
referendum	-0.5172914126887918
repair	-0.958001356339082
continent	-1.486428571632132
revolt	-0.7108177782502025
basin	-1.3641628448676784
northeast	-0.9491636495295096
borough	-1.3521865942675504
journey	-0.6388679817318916
scandal	-0.5328188204730395
cemetery	-2.4868607753887773
probability	0.5580163593403995
grain	-1.1884030733053803
wake	-0.6063755401410162
benjamin	0.5006648628041148
separation	0.770539750228636
mill	-1.2097585254814476
ancestor	-0.8714559176005423
militia	-1.0261224289424715
enact	-0.9012839754577726
stretch	-1.0368628384312617
faction	-0.909577558748424
nucleus	-1.04434736573603
client	-1.078658634563908
steal	-0.5625650766305625
manhattan	-0.8033489243825898
fraud	1.0296445060521364
allen	0.7564249490242219
throne	-1.1370176268683279
alternate	0.8074843348367722
ordinary	0.5444253478199244
absorb	-0.6495849665952846
reply	1.1392967589999898
soft	0.5988679905422032
coat	-0.8012484420323744
muhammad	0.6961491672263946
adam	0.7585949096246623
mainland	-1.3693989394814707
simon	0.7232289509847759
enhance	0.6739981302525848
denomination	-1.6759076624875888
atheism	1.4680704739876091
belt	-0.5660199582343921
reside	-0.7247681953012943
ahead	0.6297711426159367
cotton	-1.0854823840782046
venue	-0.7379169259220362
ridge	-0.9490931718610228
deem	0.9103201525285841
mandate	-0.80499880714342
provincial	-1.0069806636311114
suburb	-1.5022166781127453
evolutionary	0.5311659583821893
electricity	-0.580427949433215
congregation	-1.5010468172258695
tale	-0.8433421250520041
barack	0.6681137054692954
proclaim	0.7402718068988179
terminal	-0.7078332646196941
hang	-0.5908179641701281
riot	-0.5892453193664551
rebuild	-0.8894431083463132
million	-0.902456594631076
bright	0.5741236575413495
forbid	-0.6764692552387714
behaviour	0.5311122955754399
ritual	-0.664388227974996
missionary	-0.6526568266563118
arena	-1.0068259155377746
induce	0.6399324527010322
funeral	-0.5840524174273014
fresh	0.7981426948681474
mistake	0.8480951024685055
biden	0.873162487288937
calendar	-1.7638143356889486
harm	0.6533189010224305
regardless	1.0469049746170642
dozen	-0.6345024593174458
unusual	0.845895609119907
tooth	-0.5595666705630721
predecessor	-1.2407674626447258
cent	-1.1655301405116916
cattle	-1.0148420014884325
socialism	0.743823210708797
hate	1.1627154038287701
politically	0.7809427135507576
pledge	-0.6420251689851284
sacred	-0.8283465674612671
liberation	0.5625362945720553
wire	-0.7081281407736242
creative	1.4982641926035285
creek	-1.3577393798623234
destination	-0.7643719122279435
khan	-0.7684071927797049
bite	0.893937126849778
consideration	0.5869318757904693
neutral	0.5574142946861684
equality	1.3447680622339249
emotional	1.2485737190581858
apartment	-0.8042581845365929
experimental	0.7936892192010419
inhabit	-0.5894851598422974
corner	-0.643513755640015
adjacent	-0.9649946643039584
flank	-0.8368756312411278
byzantine	-0.7335300436243415
finland	-0.7091277943181922
cave	-1.1296248917642515
wallace	0.7260840535163879
actress	0.5682514943182468
chapel	-1.442193162307376
ward	-1.1764690907439217
summit	-0.6067920187488198
donation	-0.6355073656886816
outbreak	-0.5827143804635853
sculpture	-0.547302738414146
matthew	0.7701329318806529
criticise	0.8751032422296703
artistic	0.8554355092346668
slowly	-0.5023714206181467
territorial	-0.8193451742990874
efficiency	0.9968375782482326
crystal	-0.5670150024816394
shakespeare	1.0058409334160388
invest	-0.8504537266126135
orient	0.7539788652211428
barrier	-0.5236444720067084
membrane	-0.864462255500257
romantic	0.7942480971105397
horn	-0.5133775467984378
venture	-0.6060022794408724
restoration	-0.5914557911455631
copper	-0.808144511654973
lion	-0.5727368770167232
reward	0.704851649235934
triple	-1.0172194838523865
clinical	0.5878138989210129
tobacco	-0.7002561641857028
treasury	-2.0901346066966653
opera	-0.6235869980882853
remainder	-0.7702375973749441
caribbean	-0.8102224499452859
succession	-0.7561649595154449
entrance	-0.7137817461043596
accurate	0.8464591650408693
aftermath	-0.8931468522641808
hurricane	-0.5662912388797849
monarchy	-1.1095828898251057
teaching	-0.6180868032388389
theoretical	0.6852002741652541
decree	-0.6696629521902651
twitter	0.9104339260375128
strain	-0.6941550791962072
signature	-0.6483270391581755
assessment	0.6886487726878839
sweep	-0.6200774931348859
tomb	-1.6019282024353745
globe	-0.5189831617753953
dish	-0.8315723147243261
buddhism	0.6589464652352035
inspiration	0.7764844461344182
literally	0.6044571595266461
seattle	0.5183131248923019
dynamic	1.3068088339641688
overseas	-0.6767831789329648
situate	-0.5792466974453419
collective	0.550406105350703
potentially	0.6394314324716106
earl	-0.6161690978333354
predominantly	-0.8270279723219573
artificial	1.266096840845421
grave	-0.8394550140947104
alaska	-0.5877384124323726
efficient	1.3509140860987827
nato	-0.5457644001580775
distinctive	-0.601098420098424
archaeological	-0.5648181415162981
mosque	-1.340657381340861
uncle	-0.8438848718069494
lane	-0.8167113515082747
stability	0.6382410521619022
craft	-0.5554906735196711
random	1.032747181598097
confuse	0.5743700766470283
outline	0.6089979964308441
intense	0.7202348280698061
monastery	-2.0158642996102567
landmark	-0.9834302235394716
grace	0.6534878794336691
sand	-0.6167138385935687
ultimate	1.0858580686617645
embrace	0.5281160739250481
legally	-0.8548164675012231
grandfather	-0.8058725111186504
feminist	1.1271392763592305
pole	-0.9567242201010232
inherit	-0.6380109726451337
commemorate	-0.7574107481632382
cognitive	1.0469758072867992
inscription	-1.0028578494966496
battalion	-1.5002183518372476
sovereign	-0.6014810912311077
migrant	-0.5731185220647603
emotion	1.0029073804616928
clock	-1.0446190041257069
migrate	-0.5811684741638601
retail	-0.5233809381024912
monarch	-1.4269716059789062
rose	-0.724946275819093
galaxy	-0.7048872391605983
isotope	-0.5362429586239159
borrow	-0.6077668920625001
suitable	0.8541611258406192
amateur	0.7744638477452099
dialogue	0.784835884347558
erect	-0.6714963559061289
pool	-0.5450176987797022
vowel	-0.8506277669221163
obligation	-0.7069671917706728
canon	-1.2963556873146445
earthquake	-0.5184658287325874
monk	-1.1127856667153535
cardinal	-0.5219800448976457
naturally	0.506540497764945
harvest	-1.07993235666072
happy	0.8595168214524165
denounce	0.7526646526239347
birthday	-0.5416878119576722
provider	-0.9046905967406929
cousin	-1.030178798828274
argentina	0.6309198113158345
react	0.9413655430544168
roof	-0.8855609080055729
awareness	0.6055009206756949
armenian	-0.9091733386740088
squadron	-1.076466039288789
instrumental	0.6845886879600585
fortune	-1.0992240123450756
plantation	-1.6978207044303415
greater	1.6025035155471414
millennium	-0.5244381212396547
editorial	0.7310618183691986
creator	0.8619259527768008
gang	-0.8405664672609419
aggressive	1.0511645092628896
mirror	-0.6319142633001321
delta	-0.825192091288045
morris	-0.7675465208012611
inch	-0.5980166625231504
dome	-0.9166972283273936
neighbour	-1.7570220971902015
cluster	-1.0476445551030338
unify	-0.5804338371381164
specimen	-0.8198353359475732
congressman	-0.5591563765192404
prohibition	-0.6105693257413805
excess	0.6543806267436594
garrison	-1.668256178498268
transaction	-0.5713817186187953
trophy	-1.0834975021425637
corp	-1.7068867241032422
syndrome	0.5479840892367065
frontier	-1.1615165835246444
napoleon	0.683097084518522
diamond	-0.7500027120113373
caucus	-0.956965552875772
wright	0.9969249051064252
substitute	0.5071026900550349
designer	0.8158083233283833
relocate	-1.085945631028153
archive	-1.3022660426795485
identification	0.5664416009094566
ruin	-0.6443613455630839
beautiful	1.1687596895499155
genome	-0.5891216122545302
rivalry	-0.8893916835077107
equally	0.7799875433556736
archbishop	-0.6259638163610362
acquisition	-0.7527878551045433
mutual	0.6797366957180202
capitol	-1.3107921900227666
protocol	-0.8784836379636545
strait	-1.3988184190820905
vulnerable	0.5050049684941769
extensively	-0.8018959710607305
cuisine	-1.124493736155273
ferry	-0.7970760392490774
accusation	0.5245665069669485
radar	-0.6165910493582487
gordon	0.7263799495121931
chamberlain	-0.6309218811802566
patron	-0.5650977992918342
arsenal	-1.1709260013885796
sheet	-1.0076452675275505
abstract	0.9872356373816727
weekend	-0.7602667727041991
abbey	-1.2634854265488684
healthy	1.4241587091237309
mature	0.6844917028211057
nurse	-0.5408881392795593
holder	-0.6177105074748397
remote	-0.5256856931373477
exploration	0.6905907611362636
fantasy	0.5420929091051221
harbour	-0.7237446142826229
sword	-0.933489662827924
burial	-0.5117791965603828
architectural	-0.500620775623247
quick	1.2644480503440718
biographer	0.6461957934079692
considerably	-0.5424895638134329
motivate	0.6637985110282898
truck	-0.5013120841467753
beauty	0.5803367972839624
wildlife	-0.5179142004344612
sensitive	0.9939080069307238
racism	0.5518125826492906
wooden	-0.917550704907626
clergy	-0.6248561268439516
metro	-1.1256331607000902
parade	-0.5581971609499305
explosion	0.6573852365836501
cinema	-0.5905083427205682
server	-1.293454654281959
disagree	0.7398266893578693
versus	0.714770031394437
merger	-0.6561468308791518
taiwan	0.8267728695645928
patrol	-0.5229205223731697
veto	-0.5778912631794809
beijing	0.6078835830994649
singapore	-0.5775089082599152
youtube	0.8616591810714453
perry	0.5271700409357436
ethical	0.9357971083372832
civic	0.5645820898935199
temporarily	-1.0226571643725038
trinity	0.540380222373642
attain	0.6633305685827509
ancestry	-0.7286777831614017
hell	0.6500432818429545
donor	-0.8471463546156883
prevention	0.8664733962505125
mild	1.2751174541190269
privacy	0.5746655722614378
realm	-1.2966644451953468
politics	1.0854298847261816
span	-0.5584820776712149
counterpart	-1.215902104275301
journalism	0.7204658127448056
cannon	-0.9144821416120976
fold	-0.5254128164233407
extinct	-0.5853291144594549
battlefield	-1.4550571236759424
sheep	-1.2526940144598484
palestine	0.8183292653411627
nevada	0.5914027278777212
embassy	-1.3943393817171454
ryan	0.5511365453712642
campbell	-0.7219178140512668
joke	0.714433841756545
admission	0.628825249383226
evaluate	0.8722389246104285
regain	-0.5254222301300615
elevate	0.6341105536557734
runner	0.5825277774711141
battleship	-1.0155692989937959
feeling	0.5313863484188914
cheap	0.723821778781712
constituent	-1.019545009592548
homeland	-1.4229433918371797
racist	1.1625911216251552
fascist	0.8060605659848079
villa	-1.800707953516394
autobiography	0.684040165389888
skull	-0.7454991017875727
intermediate	0.8318607375258579
mutation	0.5071349165518768
blind	0.7974034535000101
informal	0.8999295700341463
turner	0.9578675399534404
anthem	-0.7478293930180371
stake	-0.9119443190575112
epic	-0.5187144293449819
accuracy	0.7617036256124265
bulk	-0.6708913994953036
phoenix	-0.5902816747839097
populate	-0.6807558247819543
presentation	0.7884817172307521
hemisphere	-0.7445393815287389
analyst	0.5260633101570421
excessive	1.285707124276087
holocaust	0.6830392124829814
delegation	-1.2941658191848546
infinite	1.1962625300511718
corrupt	0.6534132638480514
hostile	0.6078740474767983
montana	0.5969567110296339
arch	-0.6723671238869429
proponent	0.6935618706047535
automatic	0.6254133898764849
enormous	0.6072140862233937
salvation	0.8860878457780927
palm	-0.5286683681188151
alphabet	-1.5513232136145234
rite	-1.0947272940538824
walker	0.6859654830768704
permanently	-1.1057443632744253
hoover	1.1244708530721257
graphic	1.1774900433374569
merit	0.5599553456995636
lodge	-0.6884702277602628
pink	0.7742327195592225
summary	0.5041468869894743
fraction	-0.570444036507979
noise	0.7908805764745921
geographical	-0.5610319906845689
petroleum	-0.6916184606961906
database	-0.5932701285928488
disability	0.9704924366378692
peaceful	0.7443535986240022
inland	-0.6993325361981988
punish	0.901713594328612
petersburg	-0.743976793717593
northwestern	-1.0618035539519042
finite	1.0286949622095565
constituency	-1.5130842369981108
confederation	-1.2612360179191455
sure	0.5627320965286344
determination	0.7128051265608519
unlikely	0.8550349846627796
monopoly	-0.7448360226117074
conceive	1.1280479424749499
communion	-0.6510469550266862
clerk	-0.6591152577893808
curriculum	-0.5331250792369246
wheat	-0.8676829160540365
harsh	0.6874690102413297
anxiety	0.7406898033805192
availability	0.5364684744272381
designation	-0.5971038616262376
rabbi	-0.5183100432623178
clinic	-1.1766427899710834
textile	-0.7626383397728205
lgbt	1.3332847077399492
outdoor	0.6541913999244571
crane	-0.7500747223384678
ratify	-0.68848781962879
chip	-0.7042168907355517
survivor	-0.8227211242774501
indo	-0.5917159481614362
privately	-0.6154355868347919
competitor	-0.8268382302485406
castro	0.7132998284942005
devastate	-0.8389861360192299
colonist	-0.7958112820051609
console	-0.5143066935706884
boycott	-0.518230237532407
southeastern	-1.0433825971267652
speculate	0.5148574814666063
installation	-0.7237108951667324
lenin	-0.5837291113566607
trademark	-0.6573606250240118
insight	0.6415755897760391
brick	-0.6490763002075255
critique	1.050027494697133
metre	-0.8815033502178267
logical	0.8560375785455108
parody	0.8593676970340312
airline	-1.4931091344915333
presbyterian	-0.5166951371356845
devil	0.5722240591421723
boil	0.5667924816370942
zhou	0.5106656108982861
stripe	-0.7545679099857807
strand	-0.9397564798127859
leftist	0.6098865689709783
friedrich	0.9119677678681909
chromosome	-0.9416130122262985
atmospheric	0.6390611951937899
tract	-0.7983539294218644
nancy	0.779377210419625
uranium	-0.9529592986218632
lease	-1.0590989131014794
nervous	0.5475360439158976
advertisement	0.5471479711122811
fortress	-1.7434162882273083
obvious	0.5224179277429357
unconstitutional	1.0692414906807244
impression	0.8769997082417831
morality	0.949024829082191
bankruptcy	-0.8075643057236448
subsidiary	-1.4049238592851907
impress	0.774497895501554
squad	-0.6658369619399309
literacy	0.5202886993065476
reproduction	0.8864082504878752
shoe	-0.5269849325995892
widow	-0.7316136409281171
truly	0.6968778264708817
alien	0.7050788062042557
toxic	0.5301101120421663
reliable	1.078252129023895
sultan	-1.0831003938801589
voluntary	0.9053523926995696
pleasure	1.1116207661107185
tribal	-1.1271149404346943
motivation	0.7640224517090246
accumulate	-0.6393915752414614
streak	-0.8590203543426469
guidance	0.7280207972507924
cure	0.8037044366355985
ecosystem	-0.6177205629646778
activism	0.5356017507147044
pale	0.5264744958840311
constantinople	-0.6378771597519517
kick	0.8719900902724476
consolidate	-1.0193341318517923
precedent	-0.7027796648908406
advocacy	1.2287484130356459
viking	-1.2890543430112302
deer	-0.5694376556202769
smooth	0.9439011251088232
corn	-0.5344430065597408
vacuum	0.5633256164146587
seminary	-1.5548383690547782
acre	-1.1268584751524031
northeastern	-1.162421600194648
mere	0.7772948298370466
baltic	-1.0776980783557522
ideological	0.7125195546541363
nationally	-0.5429515104624443
tier	-0.7912934860214591
endorsement	0.5452833231538534
rockefeller	-0.5933206879999489
effectiveness	0.6399608607171103
mccarthy	0.7762967371381819
drain	-0.7720209402614273
substantially	-0.9179162564687432
uncertain	0.7844985481351614
ease	0.6628619174007326
momentum	-0.6040553972125053
feast	-1.1719149369746449
alice	1.0889789811335504
aids	0.7465565493766917
guideline	-0.5387730430811644
pine	-0.6071617362031247
euro	-0.7665433008223772
helicopter	-0.5679530078778043
livestock	-0.9457873902283608
dramatically	-0.8284598800819367
occasional	0.6252785297110677
admire	0.5857581533491611
episcopal	-0.5220088216592558
complexity	0.6831683125346899
excellent	1.6676622396335006
cruiser	-0.8400213338318281
wash	-0.5742491756100208
stuart	0.7344528101384641
impeachment	0.682936466881074
franco	0.6280753118917346
vladimir	0.5343708505679388
terrain	-0.7259226739406586
bloc	-0.937710499856621
legion	-1.9432661936152729
elephant	-0.5765659949975088
prussian	-0.6213470031507313
dominance	-0.7624220784055069
carve	-0.5500424296478741
lineage	-1.7775009765755383
theorist	0.7928313195006922
interim	0.7865682442206889
silk	-0.8767296338046435
sailor	-0.6303476679895539
separately	-0.6399382026866078
acute	0.6736078294925392
apostle	-0.6817425563931465
gubernatorial	-0.7598148211836815
clan	-1.4893968463875351
dock	-1.1929502123966813
chick	-0.6898297793231905
putin	0.5019621204119176
closure	-0.6639299627859145
continuously	-0.8937742209527642
rejection	0.6539488979615271
banner	-0.727978135459125
crest	-0.6487168683670461
diocese	-2.351508163847029
detection	0.6706369677558541
persist	-0.5420526384841651
telegraph	-0.7710312332492322
notation	-0.5533326173317619
favorable	0.9253113279119134
default	-0.5782618294470012
collectively	0.5663485866971314
deliberately	0.515543935180176
necessity	0.700414901599288
trans	0.5630562121514231
intensity	0.5771675820433302
sheriff	-0.8442702000029385
aesthetic	0.7826729142107071
terminology	-0.5556772546842694
hymn	-0.7067877727095038
evaluation	1.035581421921961
affordable	0.9919327832758428
minimal	0.8427862869866658
extraordinary	1.5689339382806793
echo	0.9404602333670482
flash	0.6594361133902567
confederacy	-1.4836861244402826
semitic	0.6798889595083892
sanctuary	-0.6440472565591335
incentive	0.6649046950042248
princess	-1.1707980220671743
baron	-0.8475865991786122
extant	-1.1032042179722341
sicily	-0.9973181209061296
socially	0.577145628631115
warship	-1.37111702025868
differential	0.6299613646697253
reactor	-0.7972188349813223
romney	0.9185199667699636
grove	-1.0689022939186543
demolish	-0.5894382223486899
falcon	-0.7537037505535409
accordingly	0.67543703422416
sibling	-1.0698150405660272
strange	1.3358287372248014
auction	-0.7048032744787633
pocket	-1.0279531003907325
fraternity	-1.0557050451170653
recreation	0.964943897910416
dissolution	-0.750100085278973
populous	-0.6778114192420617
knock	0.7334039595443755
enlightenment	1.287482307292521
optical	0.5606476189568639
rough	1.0096224881708622
gore	0.53127457521623
nigeria	-0.7648896535392851
plateau	-1.1533734160475433
explicit	0.9431570318411104
leaf	-0.5538474889472127
smart	1.397269489010796
novelist	0.8430962099810131
blockade	-0.872603272087872
adverse	0.8179084726143628
selective	0.5876864223973826
comedian	0.9056875569222028
spokesman	0.5338178621605039
wise	1.66197491530329
eternal	0.8369945231825113
junction	-0.9363415118859848
fortification	-1.635723463841714
skilled	1.0389732016483322
freely	0.5470325206988491
covenant	-0.8092490932904184
tribune	-0.5827979552559555
remnant	-1.4116569731850177
swift	1.138918480166467
volcano	-0.6947975906077772
maternal	-0.6179784783162177
tablet	-0.8196763717569411
container	-0.7964956224896014
mall	-1.1108215898275375
reproductive	0.8977147229015827
acceptable	1.3787724850699306
nova	0.5521466971840711
punk	0.5038030582945794
reflection	1.083790011354722
dominion	-1.0919749342720024
imagine	1.0001643053255975
breathe	0.7199499057605863
fence	-0.7452284228056669
nobility	-1.1467574094422162
pius	0.7065986655652523
ranch	-1.7669290434569118
remarkable	0.860549938690383
homer	-0.5439732028316939
southwestern	-0.8774584524799138
cruz	0.7279630296397954
proximity	-0.7740839871112257
hail	0.8289564638398588
pardon	0.7968353665200993
lean	0.6477586934342979
assyrian	-0.7673140530241653
archipelago	-0.9868567697703838
artifact	-1.024315694114193
rookie	0.5070696910843253
wavelength	-0.5002138444688171
reservoir	-1.5349871308717409
shrine	-1.5442478409968317
inheritance	-0.6925048101693392
innocent	1.2640564679168165
dislike	0.7484863231657073
justification	0.5879798308014871
censorship	0.8107499293982983
rand	-0.6814865487976931
passive	1.1330319326370957
routine	-0.5413663185900077
refusal	-0.6446865224279463
adequate	0.8777416925877333
annexe	-1.3864133656024933
hardy	0.8607778989244252
plymouth	-0.5807131984038278
pyramid	-0.6080156024545431
tonne	-0.6277316124760546
julian	-0.8317875470966101
psychologist	0.7240366961341351
tight	0.5378527820575982
quiet	0.6165332074742764
digit	-1.4686074061319232
choir	-0.5257535350974649
nebraska	0.8651097910478711
pronunciation	-0.6456456982996315
timber	-1.3628406835487112
tough	1.000270937103778
flaw	0.5842240592464805
encode	-0.5539769523311406
passport	-0.6093068337067962
insufficient	1.025499175535515
surplus	-0.8396902603562921
dive	0.7933898124028929
empirical	0.6781153243500739
grid	-1.1446475625270978
sexuality	1.1493071988224983
working	0.5326935920165852
glacier	-1.4597965264692905
consonant	-0.7883216429036111
uncertainty	0.8486054722707195
thinker	0.6421587313525379
blog	0.6936023482121527
sediment	-0.9283480951562524
denial	1.2102468255907295
rick	1.1553227892145514
mock	1.0000432357192042
slavic	-0.6825780018698424
humanitarian	0.6680168146267533
successive	-0.524944183183834
levy	-0.6266540274955332
reef	-0.841910591116175
analytic	0.7728742770013923
tolerance	1.1686900448985398
populist	0.6623927489854395
devise	0.7290726481005549
naked	0.8499218177166767
sick	0.5037380308494903
electromagnetic	0.5501839406788349
harmful	1.0984574155881999
guild	-0.7528898045420647
manipulate	0.6289994129911065
amnesty	1.028790227137506
morrison	-0.8749868644517846
postal	-1.326250271871686
mislead	1.442801068071276
columnist	1.2330901717068627
creed	-0.6521977074444294
conscious	1.5745613491162658
harvey	0.9188284957781434
bobby	1.4356752904132009
witch	0.6003862433135511
conscience	0.9013111013919116
weakness	0.5528398231836036
decoration	-0.5524637242779136
offshore	-0.59286486543715
synagogue	-1.621293702046387
isle	-1.3086522943340242
attest	-0.68204644927755
songwriter	0.6620442457497121
happiness	1.378863307647407
anarchist	1.1123696584254503
wagon	-1.013204770628363
suffrage	0.6299311789916828
badly	-0.6162008926039562
apologize	0.597646072274074
romanian	-0.5193943768972531
evacuate	-0.6173988217487931
highland	-1.3381806577090174
prejudice	1.0278209075331688
leap	0.561481305398047
mentor	0.5611810339614749
recreational	0.5089738480746746
coastline	-1.0797052754787728
reservation	-1.311265122028999
behavioral	1.0434287280077117
killer	1.2190336775965989
fortify	-0.6372900651767851
innovative	1.1120811742875958
duchy	-1.8057095101976304
zhang	-0.5172364746686071
vulture	-0.7589273927733302
inferior	0.928153014741838
rhine	-0.6612476585432887
freud	0.7702257265336812
illustration	0.8921756710769841
taxpayer	-0.6706258999183774
babylonian	-0.6579650118947029
plaza	-1.0360150041524319
indirect	1.3643695708015002
lithuanian	-0.7138289650611114
regret	0.9135769479908048
genuine	0.9054209338501096
idaho	-1.1046393739525229
marker	-0.8888490747194737
dominican	-0.701520468108356
surname	-0.6064354015979916
derby	-0.7653609463013709
nominal	-0.6611492354422808
quit	0.7872465830296278
yemen	0.5633944710716605
accent	-0.7326755467802286
broadcasting	-0.9059525234624743
basilica	-1.8440343473921532
characterise	0.5673956588143483
excavation	-0.7344791598443408
unprecedented	0.8147144743707031
vocabulary	-0.6863354982342571
marvel	0.5491250918712467
arbitrary	1.7984953774139285
mortgage	-1.0921583080198616
beneficial	1.2384496442973614
advancement	0.6352502154186368
countryside	-1.3252510395832358
amid	-0.5339910226175562
courage	0.7461654914077371
lesbian	1.1532197121996433
angry	0.8670690665021539
steadily	-0.8990546972490847
mosaic	-1.0362062999047341
drought	-0.6325618560949806
flagship	-1.0063058068044484
ought	0.6791392909362912
allocate	-0.5579200703650713
hazard	0.6281230119057
footage	-0.5830020566936582
lifelong	0.5814204416237772
greatest	1.1337206953321584
robot	0.6284141425130656
miner	-0.9715168257243932
kitchen	-1.0421586032025516
plaque	-0.7813595531042665
feedback	1.138317406876013
secretly	-0.8324819249100983
herd	-1.2104856152145658
corridor	-1.5274877082556486
sect	-1.3163510204904014
periodic	-0.6812581291887909
insult	1.2264188062399626
negro	0.923344015609473
dairy	-0.9016771651804448
behave	0.7315390764269978
montgomery	0.7221833961084485
locomotive	-0.6652110193390399
limestone	-1.0090636203531176
humor	1.0048015057109296
arabian	-0.8399304333142936
brigadier	-0.5337976027803961
athenian	0.5427039973437786
composite	0.6109246376436204
comfort	1.1294470857828856
singular	0.6533199572004378
elderly	0.5820390323642641
attractive	1.5109297339804468
wilderness	-0.5559491394087672
cede	-0.9574975105060729
shareholder	-0.6599589739926159
sympathetic	1.248669251333922
loud	0.9105275711044668
algebraic	0.523866297735367
polynomial	0.5097288992255926
augustine	0.7187428165925667
baton	-0.5753034305525944
projection	0.5629619222017936
synod	-1.5001247599720955
cloth	-0.912648070952855
sophisticate	0.8374637928791344
laugh	0.907402237469796
statutory	-0.5918050222098827
observatory	-0.91603069473058
crust	-0.9195417239679956
altar	-0.6955081650521606
honey	-0.5187814943492413
holding	-1.7885315509774955
savage	1.2297197389416397
captivity	-0.724194795708172
punch	0.6950995069928467
photography	0.5105988630093634
casino	-1.4223104820121082
conversely	0.8222875390201807
nationality	-0.6096710745478049
covert	0.7137569861370139
liturgy	-1.4128994981874712
horizon	-0.6257425735821016
inherent	0.7849178318865597
entrepreneur	0.5707695486489683
helium	-0.5487920834566467
prairie	-0.9062950268853456
acoustic	0.5045223142951727
disappoint	0.6035929868812673
treasure	-1.4449195053530275
combustion	0.5582179464399815
pharmaceutical	-0.5673354100435972
beverage	-0.6087169200181961
bengal	-0.5555989452404901
distress	0.7818091484950855
flora	-0.5492297889431939
mansion	-2.0383462205063547
prose	0.9105605281074532
bully	0.583900935947895
mercy	0.5565692558884621
alternatively	1.154346429677389
crusade	-0.7209890512749553
furniture	-0.5376287935068831
simpson	0.8203715144190937
fierce	0.6807895060628653
allegiance	-0.6017366643063724
grande	0.5473042698577046
deprive	0.693725768243894
ambitious	1.2374715505284255
township	-1.7910185689106584
inventor	0.7427450064569712
zimbabwe	-0.7871768123004586
deliberate	1.2125868443399668
cord	-0.9040731524000876
tributary	-1.7269435618945863
consul	-0.6916493115568301
facial	0.7183983506984077
aboriginal	0.5515392404049635
strauss	0.7537090941914357
wetland	-1.330365420086309
coordination	0.6425124006345868
verbal	0.5873601343482733
lamb	-0.7387577667832375
kant	1.0879161320626736
hostage	-0.6660215128213167
deserve	0.9914436205290258
marsh	-0.8230450313130859
shed	-0.6566740064881742
ernst	0.9384744822746144
mint	-1.7109771743416786
acceleration	0.8263941092882305
pharaoh	-0.9255423364229499
sympathy	0.5424326211214066
inhibit	0.6009565857239068
marxism	0.7743567891884595
excite	1.6014842712320387
kirk	-1.2912721375469118
tang	-0.5610673755872995
suppression	0.722709632536862
spouse	-0.6225751820020378
absolutely	1.4256300141569227
fitness	0.7198819532059133
lowland	-1.0301222959533334
collegiate	-0.6741486019454896
woodland	-0.7728860415518284
carroll	0.7263357937335968
submission	0.5622661323286593
statewide	-0.6196568734012544
manipulation	1.1440872801467776
screenplay	0.5909335404867306
fission	0.5118425851687789
kilometer	-1.1790568544529378
neighbourhood	-1.619249516254058
adolescent	0.734592589258682
unpopular	0.5578015447827056
staple	-0.7463316426146775
shake	0.7212946199579164
inauguration	-0.6280602413462475
supernatural	1.2260925402515568
unstable	1.1946117236511782
precision	0.7161996980430558
careful	0.7918634749948978
catalogue	-1.1049679145216942
prone	0.6405366734252311
tolerate	0.5281641790643334
vicinity	-1.168484652414918
exaggerate	0.970072336262092
impressive	0.5936369677074254
pond	-0.95733461646887
hiss	1.069203182705678
bryant	1.095016342587769
genius	1.286440116353333
workplace	0.6719584511592984
carthage	-0.6470419927500188
intake	0.5516101806424558
imagination	0.5957700272556394
leipzig	-0.5452650701627135
pottery	-0.5519986777799204
contempt	0.8542985079111531
birthplace	-0.6109139448963106
prestige	-0.8473226940259337
apology	1.1535268127918243
flexible	0.8229231173172593
pipeline	-0.9452834003313909
rend	0.6226087121758609
unrelated	0.5146969685556542
freshwater	-1.0198437157087028
buchanan	0.6251786540087778
reopen	-0.6506030494201696
latino	0.7068459521979094
dealer	-0.598834736738354
pillar	-0.6372356680221856
georgian	-0.8355643484246684
entertain	1.0826531750499269
renovation	-1.0211737703066321
inadequate	1.5196445628535002
guilt	0.9855374246835708
mobility	0.8212966807186604
workforce	-0.7821837029187009
transgender	1.198623824864626
concede	0.5468100528232753
wool	-0.6083561265841126
fabric	-0.7652882020920515
humanist	1.1175676952116191
persistent	0.6012680283747613
motif	-1.1539398122113198
thrust	0.5251260736258699
probable	0.6777515951544046
dignity	0.6274621998891234
orchestral	0.5749756445875391
folklore	-1.0827490524970926
ratification	-0.5158623174575041
unofficial	0.5420761972200125
freight	-0.7905785143375397
authoritarian	0.6746958689764142
cadet	-0.853897693043109
buddha	1.0439460938796399
injection	0.610612727876287
heath	-0.91207666718401
stronghold	-1.838859073119238
todd	-0.5674661832454149
royalty	-0.8183094626292586
lethal	0.7415559945802671
thai	-0.5308282088954002
trunk	-1.088080772664398
herodotus	0.5788494665175676
divert	-0.6054389663040638
specialty	-0.8054078200366348
statesman	0.6131706638261676
confess	0.5111914523877203
commune	-1.0968932751566172
satire	1.0842559696175158
rigid	0.6210825378075242
fauna	-1.2863392683211714
liturgical	-1.1189175829058513
tram	-1.4887479078024626
hatred	0.869141525879968
ethiopian	-0.5259997257962823
smuggle	-0.7027741251513362
contradiction	0.7481672465801239
leisure	0.736938072135672
anatomy	0.6789377888198942
exposition	0.6550492932892666
telecommunication	-0.7153875026851892
subtropical	-0.7692436270881444
philippine	-0.8794294893741608
bismarck	-0.5411258558742702
excellence	0.7666087010875344
barely	-0.6307001975364983
nasser	1.126380938803777
articulate	1.4652688657515682
steppe	-0.9472091029165312
pier	-1.3233794858679175
hezbollah	0.7760590412362944
puzzle	0.5203151379246265
destructive	1.2187267923727632
embody	0.8368544870754704
mountainous	-0.5344895393936895
mughal	-0.6776526997455221
tonight	0.9541302343131974
till	-0.7298549090337474
heinrich	0.7550562922842801
brilliant	1.7189632056397386
infectious	0.8577537786914036
kiss	0.5352025487227365
abbreviate	0.7176275375531986
pretty	0.9259901709738187
generalize	0.8162574123125523
empress	-0.6981589323841035
shepherd	-0.9209094722755252
bold	1.259110902028624
realistic	1.2527418518438935
twist	0.663880342617631
hedge	-0.5082217529416084
compression	0.6668131742626429
dismissal	0.5619237865321338
pete	0.8258074251934886
preacher	0.5032813732977957
shout	0.946299685165286
nickel	-0.790753789478913
exceptional	1.333365395432338
besiege	-0.9337677489966154
unusually	1.0761309145018458
westward	-0.7111010858789086
grandmother	-1.0326848036202136
mast	-0.8367561134509742
illegally	-0.7597533280495554
nietzsche	1.6817257163347676
brexit	1.0621863491833208
mccartney	0.6166075269866269
photographer	0.9410672849626279
epistle	-0.6819052156060934
emphasise	0.5193478981964289
prominently	-0.5429486064240336
cabin	-1.0078219479037216
convoy	-1.2195051509479526
overview	0.7132110900711268
underwater	0.6154739442281425
subjective	1.7146793057909235
yearly	-0.659817102830857
warehouse	-1.5326836500316858
unexpected	1.0786273535341024
diabetes	0.7210049531422555
zionist	0.5431903172284365
victorious	-0.5289304959587753
realism	0.9158973541343584
assad	0.6329526051704306
incorrect	1.7761317930417135
patriotic	0.7730118613690138
pharmacy	-1.3615656369365752
spray	0.7631080101709813
panzer	-0.8151784872170538
hometown	-1.2922236858867109
hamlet	-1.50464592827484
contingent	-0.570399796590209
primate	-0.619103318080306
blunt	1.1864481470547616
nice	1.250846430659294
carol	-1.2206165301031433
unnecessary	1.68661831272766
nutrition	0.6719283689162694
parenthood	0.6510784849524498
copenhagen	0.7212088927626609
endowment	-0.9662103815935552
ineffective	1.1609799290890803
tory	0.6649841866455972
manifold	0.5763536496087909
definite	0.950020221527666
biodiversity	-0.8632119226967916
pornography	1.1401341920718548
transparency	1.0012441459111872
intentionally	0.925136829726398
homo	1.0624782799277457
bang	0.7428339610341936
incomplete	0.8724367071408778
judgement	0.7640030877664685
a.d.	-0.8458743893424979
perfectly	0.6455360781401396
paternal	-0.805471315048635
spontaneous	1.2360999872907996
conjecture	0.6462624981068075
lamp	-0.5042317276820539
processor	-0.7333201181609184
medicaid	-1.0038764551281931
iphone	-1.0418462809175253
inconsistent	1.0183325508842245
kilometre	-1.1867143785348162
alike	1.098660827614367
detachment	-0.7640156403867877
adjustment	0.5260431179776788
gong	-0.5632792981341481
maple	-0.6377111985348165
mercenary	-0.8966739801689982
longstreet	0.5215960429050028
mound	-0.5824194997549057
baghdad	0.5271321695763618
ancestral	-1.1514790619257838
directive	-0.5517575257690623
supplier	-1.0965913916006684
supportive	0.9584137930214638
communal	-0.5475442893803121
stork	-0.7804553749738261
estuary	-0.5887818190967664
topological	0.6864850088022649
worthy	1.0754749830812216
helmet	-0.8438954586163163
falsely	0.6212392600718886
moisture	-0.5048995921388268
superintendent	-0.6386360411997885
ultra	0.7065928026713664
pilgrimage	-0.5062840423197486
flock	-0.6012744545005262
poetic	0.6745869661972392
problematic	0.904859653674066
categorize	0.5717950088437647
feudal	-0.8893184040207416
uganda	0.7511498814274091
discredit	0.6429331828840077
psalm	-0.6711390090786153
variously	0.5758143747225404
tenant	-0.8805899607250467
constellation	-1.135217419519904
crosse	-1.5408224311540837
calm	1.3467071345075965
strive	1.0378479027422145
offend	0.8846297692507505
remind	0.7917173979803921
bare	0.6831888458691537
canton	-1.8655046599451448
reorganize	-0.8381753151770681
investigative	0.929420389700681
heroic	0.8851612880825996
aristocracy	-1.0253899531089699
landowner	-1.611324340570718
sensitivity	0.6494413651525974
modernize	-0.8710243254899979
positively	0.9683528105379082
mortal	0.5046556501183659
betray	0.5114573976024985
extremist	1.0913938358426094
correction	1.1558908721199261
customary	-1.0632718349806964
interactive	1.2975411419756708
paine	0.6416716339881532
manor	-1.420364224468358
audit	0.5131510841893032
lineup	-0.7520628836937249
vault	-1.4302862096810711
attachment	0.6911289473064244
finale	0.5372700355947018
continually	-0.5762775385810528
lebanese	-0.6965285081387265
sensation	1.1123006753623486
harmonic	0.72280652821064
pilgrim	-1.112467764876783
shame	0.8193279807455838
emancipation	0.5122688825940713
sonata	0.5089704310521483
conrad	1.0298987366259098
authentic	0.93031272967346
damascus	0.7183615601534257
prolific	0.7097157284151763
nebula	-0.6907718437723815
scientology	0.5600556707940996
accession	-0.5982166631147265
misconduct	0.5110161781776696
instant	1.1816821957472712
feminism	1.0428102147998288
subscriber	-0.5795431560836732
councillor	-0.6261072924826294
boulevard	-1.1025469643063843
caliphate	-0.9117654820438474
please	0.6328209325438365
reviewer	0.6868695421144366
argentine	0.5205937572754921
desirable	1.2876103189773858
abolitionist	0.8977279304526746
deportation	-0.5246541573433205
morale	-0.5650488925166428
calgary	-0.5053111581364647
excavate	-1.0810146886506118
edict	-0.6316721296170726
outspoken	1.316360041499138
adrian	0.6822418240481056
tile	-0.7421805664198473
airfield	-1.7400804900098592
propel	0.5843944526277483
iberian	-0.5269173565320671
robbery	-0.5664566070772707
equator	-0.7347449002554641
accountability	1.1565210670232773
waterway	-1.1227238771971315
incline	1.0229343022219837
archaic	0.6830997002543882
impair	0.8582573519088328
unconscious	1.4359296878683383
distort	0.8121875817887485
merchandise	-0.6369186465162784
terrible	1.10952528542839
electorate	-0.8582362848101184
thread	-0.6480491261463612
safely	-0.5962293692864478
azerbaijan	0.8134538917802274
notre	0.7819200581870973
trek	-0.8556631086394191
buck	0.6465565112885088
imitate	0.5472621836233884
renovate	-0.9329690997838044
intimate	0.9356147562793922
motorway	-1.1587155039887875
banker	-0.7217467562295496
patriarch	-1.1516126095812071
creativity	1.438802785007283
envision	0.5985512114129959
referee	0.549134821863845
coronation	-0.9469465417787432
inevitable	1.2832817493472248
advanced	0.6733479984104633
tibet	1.2111654420150444
procession	-0.9619267532252708
bride	-1.0634541143663228
oppenheimer	0.6011415135581046
chapman	1.0538605717010796
frigate	-0.7107898062095046
corpse	-0.7572665095794946
stir	0.778369236679282
blake	0.5808078274130821
foul	0.8883440929930657
terrace	-1.1229263301938772
inventory	-1.4684880707063712
penny	-0.5629798169247806
transitional	0.92201611911878
discount	0.6914248066022992
audition	0.5481793908402324
needle	-0.7328709590365179
dare	0.5304739056155086
skepticism	0.8959450975526124
drainage	-0.9513813741505146
maximize	0.6868911851197481
tommy	0.5316411838575732
portable	0.6309300770517439
embryo	-0.7316989869577809
monastic	-1.1444153841002844
popularly	0.675280287861824
granite	-0.6303890724666417
repression	0.5714889225782827
caucasus	-0.6294482455123216
limited	0.9521244543138891
modernist	0.5406984970904887
subcontinent	-1.3262133585521951
invisible	1.2845284619834274
takeover	-0.7118022372014821
tent	-0.8471903139725327
subdivision	-1.0461981141706929
tunisia	0.986520554870367
hinder	0.5366968356538564
dismantle	-0.7254122549202293
inappropriate	1.8741155685856936
inflammation	0.8167759567731991
themed	-0.6765457110013813
afraid	0.6389694185927509
appropriation	-0.6703133527189493
honest	2.349332022480666
arbitration	0.5891388505697249
precipitate	-0.6107571735046804
insurgent	-0.7209251343156211
carriage	-0.7999293734319508
susceptible	0.7086174716241658
somali	-0.5186104922322556
midwest	-1.370629005599767
parole	0.5748344678431749
subtle	0.9687822880223392
hectare	-0.9880393631756306
illusion	1.4098129166522997
brutal	0.6454954909859225
keen	0.6280043891165406
sever	-0.5451291305944324
hydrocarbon	-0.5803005886264145
skeptical	1.7692965772002935
roster	-0.5144094359129667
codex	-1.5831694881198928
eminent	0.5117544899694622
quarry	-1.4579681870527563
everybody	0.5055048139765859
caution	0.9225349278422073
frost	0.6903696664521703
basically	0.6361160172382371
postseason	-0.6441971715539694
simulation	0.8782680409494787
consultation	0.5137537952978164
revert	-0.6673050322569907
sociologist	0.7158474028110504
transmitter	-1.0873950204113498
autism	1.283483893610537
infringement	0.7193833667552099
feminine	0.7353059025481343
manila	0.507058193674311
graze	-0.8541564389015548
hardly	0.7323924514930695
mann	1.032491580757778
clutch	-0.5767776402644813
excuse	0.9151471056975424
infinity	0.5127134531503543
skirmish	-0.711650803219527
obviously	1.1338980570435524
maya	0.7337447206955403
norwich	0.6572403642348945
subway	-0.7569215525873005
sterling	-1.1185108246281743
goldwater	1.2449114729788562
empower	0.9738685584452468
nail	-0.5681471857242286
weaver	-0.9099684797693044
northward	-0.9159107584273444
fundamentally	0.5407861657440662
emigration	-0.5352230621501803
rainforest	-1.1635758513584733
hooker	0.5976075495127589
compass	-0.5112904292764142
intentional	1.4279053676873446
substitution	0.6758716115728021
curtain	-0.5907847392372787
mural	-0.5721372163388878
retailer	-1.499603301519528
optimal	1.4269314317498356
ridicule	1.411227724282071
educator	1.0507304888451472
reliability	0.9736324139521456
hike	0.7698549954220653
degradation	0.5860478056129068
portfolio	-0.9691284109139816
prefecture	-1.7519327881745994
runway	-1.1464069895446298
vernacular	-0.7371735429624096
dodge	0.7878958146902733
grandchild	-0.5824075171258299
loyalist	-0.6534388156142086
disregard	0.927350682206452
foremost	0.621088080573827
superman	0.516984106041491
bailey	-0.6262096860446036
emblem	-0.9906211802735924
satirical	1.28795341274963
meaningful	0.8689245800487697
shipment	-1.155738099347218
transparent	1.0989725577528588
masterpiece	0.5072956812509801
comfortable	0.8845413215458393
septuagint	-0.7190304528339766
clarence	0.9493365003727376
elector	-0.6910305884666741
repertoire	-0.877801395021379
turing	0.8328085271641612
jungle	-0.5601969018462114
replication	0.7701451233588159
robust	1.028132333420217
coconut	-0.6379845880437642
macedonian	-0.7020344934426248
equate	0.7830199813470244
tsar	-0.8430801141075791
depot	-1.5714041162282228
wonderful	0.9495260754483752
chariot	-0.8287194052245468
quota	-0.8614465300925076
diva	0.5046640685177408
frankish	-0.5148927419213578
niche	-0.7686841133254347
principality	-2.0059175835922356
pence	-0.8499810529319802
insider	0.5919289942830801
chronology	-0.8326587117771851
midst	-0.5484178003389388
heterosexual	0.8526615445734933
predation	0.5635486640967429
woody	-0.6146702356636524
globalization	1.0824830145575106
unemployed	0.6042048325762153
levant	-0.9883366200956516
charm	0.6447632797062397
enthusiastic	1.4228830949723488
creationist	0.6646280880668199
recapture	-0.6990375904133543
spine	-0.7584129800088704
domesticate	-0.5755294249102008
loot	-1.5699596609629225
flexibility	0.8346639703959227
lawmaker	-0.6253846995532513
vague	1.2524187113158405
physiology	0.7459591899532825
tawny	-0.8070570519194007
mysterious	0.8492100192233921
exotic	0.6972360261715949
diaspora	-1.7167009096301626
grandparent	-1.078284532064572
infer	0.5532533780205995
garment	-1.081663224933436
confiscate	-1.174998349044472
metaphysical	1.2167807975783944
learning	0.5396675947122276
raptor	-0.9413801985792816
habsburg	0.9826210611499846
refute	0.9366554177831858
eastward	-1.0528412112034855
nero	0.8269244378898293
inject	0.7006354691693559
relic	-1.5232924742158502
inflammatory	1.5131946014589632
tremendous	0.8797256094985642
vendor	-0.6944536676746793
bison	-0.6672984724864364
envoy	-0.740663374424912
decimal	-0.7572239534929395
yoga	0.8721485092537478
caste	-0.5425853101187386
reclaim	-0.8758434047922492
acquit	1.1235629357397556
oman	0.6393921906710602
symmetric	0.6344664003700018
yacht	-0.6151942201540805
observance	-0.5710971258231439
ambiguous	1.3882844946347177
simulate	0.7904453291557729
repulse	-0.6378803619008977
ransom	-0.5037433346733451
counterattack	-0.6438738005235791
restrain	0.7028910042718053
penal	-0.9761988846585156
sustainability	0.8980193063616753
founding	-0.5771695654839277
crossing	-0.6903573307208717
politburo	-0.5324974578688852
grassland	-0.7736524129286408
brave	1.1980959128704851
ignite	0.766466683591716
petty	0.693717178888619
eucharist	-0.6204337067902088
satisfaction	1.1506404150277376
thriller	0.7639631368219852
whitman	0.6197490566410124
pseudo	0.7473859845194966
deplete	-0.6948668896220624
funny	1.5940971197560432
espouse	0.8308707921532914
termination	0.6625733067630789
agnostic	1.6807227162644267
backward	0.7141903394367546
intrinsic	1.2841948764398694
predate	-0.5925921485759318
cerebral	0.7791359485127032
convergence	0.5154478107579052
clade	-0.9594421807560138
vassal	-1.4004543954506516
locality	-1.7307202253141438
misuse	0.7987369664479047
immigrate	-0.7868694917415269
gill	-0.8447300111874938
creditor	-0.9333691929350608
barn	-1.4365581562160514
optional	0.8121155644766986
unlawful	1.3022224688902495
oxidize	0.7793484521098435
defunct	-0.7910884052980691
entirety	-1.160609368700534
niger	1.2301829594653102
accidental	0.6595028988085687
inference	1.1129260077141223
forgiveness	1.0997296571731567
seminar	0.5780431986204349
bark	-0.6544205471873283
upward	1.1358761610463262
interrogation	0.7857471574097872
physiological	0.6759087950922549
menu	-0.5096880393102765
nomenclature	-0.7054713268880732
desk	-0.8800259775598533
equivalence	0.7117118220776321
burrow	-0.8063005078583956
mentally	0.6504885163158178
starvation	0.5607947451062499
retrieve	-0.9483576957136391
consortium	-1.3724797627073713
therapeutic	1.1915431988891214
tragic	0.8635851212311536
launder	-0.6724568731151521
iucn	-0.7965383221162483
surrounding	-1.1220757807604969
rigorous	1.0070269936695695
painful	1.223369310144335
shelf	-0.7034853904042393
whitney	0.8534346538363025
narrate	0.6199928568676114
cruel	1.4471217207610607
vegetarian	0.5711081356421346
consolidation	-0.7453198176808655
headache	0.8390734274580609
hyde	-0.5734263780468609
pike	-1.3428933956893159
fallacy	1.2802982875145972
gibraltar	0.785603876458481
injustice	0.683671803213656
multinational	-0.6172633066307753
reactive	1.205881103000138
vibration	0.5670227000955492
heron	-0.6017626218963414
unhappy	0.95152537105605
codify	-0.6299240202642977
distortion	1.2610688311979177
deception	0.9669874326355056
hypothetical	0.9449597655329852
obesity	0.7323453897843137
numeral	-1.0950069330865515
tenet	-0.723875513416715
skyscraper	-0.9223665706813337
profess	0.9218296286417172
cheat	0.5636241134488955
wipe	-0.7736879349686205
bourgeois	1.2165075843222442
blank	0.8806434734433424
recruitment	0.8426235269289464
samurai	-0.7791325747966766
crazy	1.8601544529665264
unfair	1.6982584409415722
ignorance	1.414438187493943
morally	1.3959066909737885
perfection	1.1020973622798922
occupational	0.8281987444497645
sino	-0.7880996679887176
theorize	0.5896876002661884
cyclone	-0.806973229162395
chloroplast	-1.0506997235352171
secretariat	-1.084577301109675
planning	0.6053046844899654
restraint	1.276229091687128
fool	1.075154819409363
systemic	0.5084577754605561
sponsorship	-0.6225161558541004
inclusive	0.9594938866794108
guess	0.9348419681191444
evoke	0.5259157530963421
magna	0.7763617904856801
papacy	-0.5876842574216425
imaginary	0.8417175291106105
krishna	0.8365548835135996
pile	-0.5644648845773189
registry	-1.3772995569743216
embarrass	1.46605163696222
admiration	0.7365210745483637
chaplain	-0.6424062077421695
unacceptable	1.6271092444658282
sunshine	0.9052321671042592
humorous	1.7017364696803268
cantor	-0.8866644660447491
inaccurate	1.4100247717578895
contradictory	1.3294664623754215
southward	-0.7973648550687358
caroline	-0.6133650534320623
concur	0.8227111620362848
creationism	0.5569131420925261
scream	1.0218113840091974
brock	0.6714355365838856
catalog	-0.9578449062828441
generous	1.3780595690477642
stunt	1.0867832393851131
patriotism	0.6378974569961429
hadrian	-0.5493488401407376
mold	0.5181819058489054
pleasant	1.2897282838821411
boone	0.8909956282004714
chevrolet	-0.5871180295944214
candle	-0.8936745325918309
inherently	1.3980539408512414
fighting	-0.7264353833161294
suspicious	0.9463545068865642
acting	0.9387441150029191
hoax	0.8065814725123346
knot	-0.6134256604127586
talented	1.3163185818120835
bulb	-0.6286297985352576
ribbon	-0.9040777136106044
dune	-1.1050290710991248
lighthouse	-1.1212322474457324
propagation	0.9783592694438994
automate	0.7199811264872551
colloquially	0.5539619779447094
moose	-0.5705847297795117
courthouse	-1.708740727044642
foucault	0.9185917356517166
certainty	0.8127430455060676
lament	0.5528385624056682
underworld	-0.5267700483091176
unlimited	1.46494120080024
credible	1.0485849846154451
incompatible	0.647586464881897
grassroots	0.9990704760421067
podcast	0.7842429471202195
dale	-0.6255309646949172
illegitimate	0.850289125693962
micro	0.5815304145216942
invader	-1.117733424063772
protectorate	-1.1690083524445072
desktop	0.5703141195699573
tiberius	-0.5300171922426671
compassion	1.299008862581104
stun	0.9368164504412562
incite	0.8499761978164315
laden	0.6103340057889001
lecturer	0.9123261193744838
delight	0.8639499563723803
fisherman	-0.7065944183268584
cedar	-1.1273530358448625
charismatic	1.149774064309895
humanism	0.7966773677617311
caliph	-0.5767962635727599
monsoon	-0.70904141664505
slovak	-0.7574167046695948
platoon	-0.8336153858545003
fishery	-0.8593113905517384
appalachian	-0.8579440857283771
bamboo	-0.7407836423953995
lawn	-0.8494154187792446
theoretically	0.687094122171402
semantic	0.5753253172151744
misunderstand	1.9602812910452485
invasive	0.9519312658230774
tyne	-0.7537815418181708
goose	-0.6028301510959864
geographically	-0.96472730638925
insulin	0.6538312786724418
assurance	0.9299056007293984
exceptionally	0.8207387458533049
sleeve	-0.629057141020894
precinct	-1.7178618639591148
imitation	0.9317575711756944
temper	0.7269269360695034
kyiv	-0.6996884228428826
sultanate	-1.803960179910064
shower	0.5698003903962672
residue	-0.6731387632898986
abnormal	1.274852061906131
obstruction	0.8647676263935864
wilder	0.8243978785758372
totalitarian	0.7579220868647099
sickness	0.9487059676321224
intestine	-0.8979910433990881
fury	0.6945819022366777
forestry	-0.7877238087239675
masculine	0.7250975901260972
confident	1.5070368815213442
aphrodite	1.0674911576788872
conditional	0.8878122121095657
zionism	0.6132981646806002
cache	-1.0736454189755025
bunker	-1.250524198068888
signatory	-0.5478713382035494
islander	-0.7207851121202111
historiography	-1.0093279406428337
pavilion	-1.5609878725372257
starch	-0.6898563228314742
beloved	-0.7423581105686026
avoidance	1.4887239108793435
josh	1.1904908968135717
guru	0.6079317559488118
hazardous	0.5504260384477675
demolition	-0.5556247839704156
overrun	-0.6631914771860465
nominally	-0.8411902217194438
curvature	0.6908340228255838
mammoth	-0.683463126886636
basket	-0.7267263585818
camel	-0.9546904852613808
favourable	0.6162563348188996
consistency	0.5699079881887883
refinery	-1.6813916965620592
encouragement	1.0549967896658927
invalid	0.7350570650887676
android	0.899111368926242
propulsion	0.7277002651244402
tyranny	0.7265478176996112
citadel	-1.448107165750116
computational	0.8835343794198707
tenor	0.5368325232993811
progressively	-0.553533673286438
outpost	-1.555197026580572
conceptual	0.9323153218720108
newborn	-0.502296095030033
cartel	-0.7664697412401438
sheikh	-0.9729938246309756
brook	-1.122153039323166
disposition	0.96965340571478
cottage	-1.506799339869758
commemoration	-0.7549539601895958
balloon	0.932140319258906
nude	0.5148715837858617
mater	-0.5044533488107845
replica	-0.7515643976512365
drastically	-0.9590264314319938
sandstone	-1.2986446691211313
skate	0.8506551954196766
thereof	0.7344033345580101
programmer	0.6412541004829109
moor	-1.0133670134237036
ware	-0.8337983908131719
faint	0.7275701114558615
irrational	2.298772331676446
scare	0.9139891489685396
reiterate	0.6261615260737017
constable	-0.7134799949126318
slim	0.763967826962471
unwanted	0.6840620916336775
casey	0.6116935471072793
shipyard	-1.5707716890610754
aspire	1.1008223020471632
coherent	0.8820611787959933
defy	0.6446896851994097
affirmative	0.9185214899480344
schizophrenia	0.8502616934711114
substantive	0.8014921899884939
sprint	0.6585002418141812
reorganization	-0.6374501391546801
glen	-0.9466805495321752
voltaire	0.7056194571778178
scroll	-1.2423857850953937
ionic	0.6188537081470713
vertebra	-0.5053423144854605
pluto	1.0052989620016888
simplicity	1.2583741950802505
vocational	0.7379243051400408
analyse	0.7050650413148105
improvise	0.6473537851125002
retake	-0.8704021349549294
governorship	-0.9231201098300515
portal	-1.0059272516518831
plunder	-1.1065447454457171
terminus	-1.2079027312574908
chat	0.7263283943757415
muse	0.6217427040683106
relinquish	-0.6896835211664438
headquarters	-1.747837008908391
versa	0.6501346190925688
chen	0.5886630122549832
comey	0.5446212864480913
tavern	-1.0706137147499248
brewery	-1.9100067107938232
exponential	0.5161566757597029
bluff	-0.7648084933753125
characterization	0.9909297813428566
traitor	0.8227260613348335
saturate	0.7560019476804882
distract	0.5445004962384701
procedural	0.5437558385310695
haul	-0.7677411595359445
staunch	0.7799812266603112
policeman	-0.5470909845316783
landlord	-0.9221131007943768
vigorous	1.0868443359504454
questionable	0.8434086696361192
initiation	0.6656743499916047
lear	0.5362759939162061
avant	0.5063565942109562
impairment	0.9249387310701422
heighten	0.9057210210012272
lumber	-0.8036210554419085
periodically	-1.0006459515425377
math	0.5366030500445049
consort	-0.5486074455839116
mule	-0.6277754122857004
lambert	-0.651872284244746
buddy	0.5008708092755114
galley	-0.8002404230646789
envelope	-1.0025975523749366
invert	0.7957364851608872
obedience	0.5169142989907414
punjab	-0.6488707835087553
levin	0.6125220202375203
cork	-0.7461980378138833
energetic	2.1881035990081728
botanical	-0.8934852982056327
basement	-1.1435886050167028
empathy	1.7430484690703452
implicit	1.1716082450002432
picket	-0.988724306691438
enhancement	1.1076571049634367
decomposition	0.75911632750649
incorrectly	0.6066820839769207
garde	0.7788210026919842
biographical	0.6913088820874691
swansea	0.6742419721849728
fiji	-0.5234829419059679
hulk	-0.6454085833101999
puritan	0.8620632905513048
cruelty	0.8376920485316077
distributor	-0.9387558698654176
casual	1.0985041866078973
authoritative	0.8170690070837736
admirer	0.7372470675036311
metaphysics	0.6667517237365246
beneficiary	-0.524781433865428
whaling	-0.5708610881119967
ditch	-0.6141180684790015
lagoon	-1.1148449240718037
quarterly	0.5824840841814876
reminiscent	0.6529689231538214
arouse	0.9452225300483406
fraudulent	0.5652133468538523
capacitor	-0.6535038342262851
smithsonian	-0.9848863864317536
dull	1.6094859640579668
fatigue	1.25258222874254
murderer	0.9095498317619786
liken	0.8708090020809323
repay	-0.8060819725506008
viceroy	-0.975302034523338
helpful	1.1886664917692542
complementary	0.9011714393272996
coinage	-1.0410043720621616
unreliable	1.573829044937156
improper	1.5384938930510543
smear	1.1044198591262102
righteous	0.9672645330429076
causal	0.8748866994865239
anarchism	0.6778629764448851
brittany	-1.0271484116092324
innate	1.811859616893344
setback	-0.5631637498736382
decisively	-0.7365038478747009
watershed	-0.8792394661577418
rhetorical	1.5581932803615928
chavez	0.7391343972849427
ambiguity	0.6110434104921296
samaritan	-0.6153340036398731
birch	-0.9311790235806257
wicked	0.842242127051577
vole	-0.5949244028888643
medina	-1.714400141965598
acidic	0.8063780639786273
cyclic	0.6576839047484101
panther	-0.8558330775995273
groove	-0.5209078466286883
awaken	0.9474333291873336
adaptive	0.6682381741702557
perimeter	-0.7325809998437762
speculative	0.9748709471896292
rhythmic	0.7872508927248418
repetition	0.7203994542360306
filmmaker	0.638952097389847
balkan	-0.8499618899077177
vigorously	0.5048037334345281
stint	-0.587848796043545
limbaugh	0.8085246500559151
idealism	0.678275790065527
republicanism	0.646099828183651
tropic	-0.6213930733501911
confluence	-0.6226062851492316
collaborative	1.0383138237230014
premature	0.9667745921760798
mitochondrial	-0.7344537200406194
intimidation	1.1948219211772084
utter	0.9677788950502872
lorentz	0.8579113846644759
outsider	0.6540444361162372
rebecca	0.7259473352460191
indefinitely	-0.5469749948242679
gregorian	-0.8247217066818848
forcibly	-0.9580183518119156
factual	1.1417066865542438
akbar	-0.5658097583800554
smile	1.0146961321352137
blackburn	0.7570648037362844
instinct	0.5723020378500223
brewer	-0.7625509430654347
passionate	1.7275212872773409
mammalian	-0.5574935199692845
encircle	-0.7743814992718399
abstraction	1.1805348153866362
inexpensive	0.9636428812518716
pulmonary	0.5292295230319723
curiosity	1.0513932672329247
industrialize	-0.5189021996338852
sorority	-1.0110281370580196
shooter	0.6434230674058199
reuse	-0.5638197120279074
enactment	-0.6462508074182551
cultivar	-0.8727617366239429
distrust	0.8511291304603219
autobiographical	0.7440666514448822
nirvana	0.6797232271637768
reddish	0.5758723989129066
jain	0.5329721870366484
colt	-0.7639925094263162
adjoin	-1.514416014077142
spirituality	0.8020882880700809
entrench	-0.5048535410314798
prosper	-0.5197988480795175
planter	-1.0945328176021576
experimentation	1.3269823209848255
chandler	-0.6600804631598294
truce	-0.6787008190876804
downstream	-0.6962062959210016
biomass	-1.031373407040519
populace	-1.2775895511731503
della	0.9929553209803998
mori	0.6275082707870752
carcass	-0.6585306039196439
backwards	0.5752623551525176
berth	-1.0103640470770188
mimic	0.5253450761083513
grunge	0.8335481565445662
click	0.8392511461861432
wicket	-0.7101741149090229
caspian	-1.1990384955424815
incapable	1.3609655268955976
lonely	0.8374681826680899
majesty	0.7010211876477115
fresco	-0.5503093673323747
recognizable	-0.6997930090874434
groundwater	-0.8119322767015547
deceive	1.008097472920781
eukaryote	-0.5922253795433791
billion	-1.109875001362525
retract	0.7894072809140198
nazism	0.7754852883081185
merkel	0.6703213044675067
disseminate	0.5579304695129395
robe	-0.5814113370142877
russo	-0.6195044782944024
convent	-1.5708204144611957
vanity	1.671521994518116
serb	-0.5309758302173577
barley	-0.5969197766389698
radically	-0.7415334654178878
nucleotide	-0.7566544961882755
oblast	-1.227682246164477
barrack	-1.4974478801013902
irony	1.3946887803613208
supremacist	0.9128009153646416
humble	0.7170120952650905
concord	0.5821105963550508
cosmology	-0.5492820774670689
surprisingly	1.0083118323236704
ghetto	-1.2646310711279511
fabricate	0.7156272041611373
fibre	-0.6618841175513808
batch	-0.8356756209395826
divisional	-1.1663243016228078
competent	1.6318162651732564
nicotine	0.7021200224407949
voyager	-0.8166907003615052
cereal	-0.9671346837712916
bedroom	-1.2820092965848744
pragmatic	1.267446213401854
muscular	1.2206829190254211
sedimentary	-0.8370557115413249
gentle	1.7546083217021078
euthanasia	0.6663544923067093
crescent	-0.5494806990027428
aqueous	0.6832774805370718
inorganic	0.6176268472336233
nave	-1.3479959777905606
overly	1.4194942549802363
inhibitor	0.7080475585535169
axon	-0.5450578441377729
meadow	-0.6568777979118751
hittite	-0.6671063235262409
lantern	-0.939951509819366
farmland	-1.666265556588769
deaf	0.900608733529225
sophia	0.9102431177161634
ionize	0.5593560487031937
immoral	1.7379899391671645
bhutan	0.6496662176214159
wedding	-0.6925990558229387
generalization	1.0597098022699356
dionysus	0.8756682104431093
predatory	0.7483506102580577
dissertation	0.5169728137552738
watergate	0.5144131546840072
upstream	-0.6870583608397283
byte	-0.7640574217657559
hello	0.8002217209141236
meantime	-0.6278900499746669
cyril	-0.8601180466357619
grocery	-1.0627519314875826
entertainer	0.901853412622586
bankrupt	-0.5179371163249016
jordanian	-0.9469492374919356
irrelevant	1.6197007112205029
ambient	0.8663694309652783
unmarried	0.7768923527473817
handgun	-0.5861716409708606
colonize	-0.502341992163565
opine	1.0775164255173877
pathology	0.5003595542220864
centennial	-0.8580418487545103
annex	-1.0462660408811644
disgust	0.5263953192625195
barge	-0.8362404927611351
eugenics	0.8867920275079086
descriptive	0.8010190294589847
degenerate	0.7801299201091751
garage	-0.849234233959578
papyrus	-0.8906919429427944
facade	-1.3214246347779408
coffin	-1.3674404135672376
clarity	1.4965321458876133
humour	0.8651656532019842
better	0.6225008369365241
crusader	-1.1240215217694642
lang	0.9429262764751912
aryan	0.7542736083269119
secede	-0.6574671992566437
compartment	-0.7253397340828087
dortmund	-0.8207080331631005
assimilation	0.64350391831249
overrule	0.6168341618031263
brake	0.5608384037623182
tomorrow	0.5260466682957485
bavarian	-0.7908003737684339
detainee	-0.8926489951554686
realization	0.8991522225551307
tyrant	0.5038232402876021
nkvd	-0.5171665679081343
melodic	0.5599495191127062
perpetuate	0.5331557350000367
syndication	-0.6243561971932651
orchard	-0.7616412766510621
amber	-0.7418284725645208
coptic	-1.2168271820992231
imperialist	0.9831481841392816
vomit	0.7982462327927351
mobilization	0.5406355306040496
despair	0.9489785183686764
psychiatry	0.8170777241466567
wrongdoing	0.6523725474835373
expressly	-0.5300547583028674
lama	-0.9632039183052256
abusive	1.0141911651007829
psychosis	0.9690454317023978
strategist	0.8226978415623307
navarre	-0.6563738855766132
cipher	-0.8607668066397309
blur	0.8940006624907255
savanna	-0.5670580435544252
lender	-1.4219495002180338
delusion	1.6109176804311574
siberian	-1.1016259747557342
directorate	-1.5272360809613017
monoxide	0.7886257045902312
thorough	0.6584364129230379
fixture	-1.0794604944530874
plausible	1.1606146534904838
lessen	0.7827808316797018
wrist	-0.5068994988687336
pablo	-0.5369741141330451
jackal	-0.9187912472989409
miscarriage	0.7918242083978839
southernmost	-0.6595678552403115
trivial	1.0688729951507412
hannity	0.9218335091136396
psychedelic	0.7098212393466383
commemorative	-0.6439540710416622
genealogy	-0.998419576091692
expressway	-1.2115896935574708
absurd	2.4053386372397654
scientifically	1.5376320446375755
inevitably	0.5769139745971188
belarusian	-0.6020176503807306
aristocrat	-0.6466478014335735
meridian	-0.6744641460827552
bead	-0.8781260334944818
humane	1.7064947169274092
enthusiast	1.1937031911220402
damn	1.0603890628553927
anybody	0.5322420969605446
friar	-0.7202190747484565
hegemony	-1.1421177498996258
bisexual	1.4342258704709818
lucky	1.1293491286924109
utterly	1.0536635412136093
subsidize	-0.5262542770942673
vinegar	-0.6147720236331224
longstanding	-0.6244357209652662
oven	-0.6845246294979006
carpet	-0.9391886993544176
applied	1.2586040799506009
boulder	-0.5730769075453281
necessitate	-0.5753362906689289
mafia	-0.6850150492973626
comrade	-0.7254879260435699
federally	-1.2115561100654304
addict	1.0138134620792698
risky	0.9131330526433884
guadalcanal	-0.5048249838873744
gallon	-1.0716373762115836
screenwriter	0.9160942831076682
gorilla	-0.5383065461646765
dormitory	-0.6579503782559186
northernmost	-0.767482737544924
riverside	-1.310702148010023
supermarket	-1.4543477073311806
emotionally	1.5027004848234355
intrigue	0.7876378309447318
parity	-0.5170880622463301
harp	-0.6839877748861909
commandment	-1.0704286652617157
turnpike	-1.6370489383116364
cartoonist	0.9940930437296628
alec	0.9920941181480885
overdose	0.6918083652853966
oscillation	0.6712655569426715
testosterone	0.5978926259558648
denominational	-1.0521079942118376
useless	1.4399014706723392
fascinate	0.8999096779152751
grateful	0.8936922249849886
discriminatory	0.5250646406784654
gymnasium	-0.7303678671596572
destine	-0.5210416638292372
mesa	-0.6294815521687269
martian	0.6734991853591055
bureaucratic	0.6650620417203754
barrow	-0.8699498611968011
consulate	-1.4638890754431486
polity	-1.5702275240328163
brahman	0.8703441447578371
accountable	0.7540343031287193
oedipus	0.58049948932603
waterfront	-1.5212468141689897
delicate	0.9123381307581441
inclination	0.8618925525806844
hygiene	0.5955481491982937
undocumented	0.6569620685186237
conservatory	-0.6067601181566715
conqueror	-0.9625448868609964
stratum	-1.1613448006100953
impede	0.8092873888090253
meme	0.5388249565148726
gunboat	-0.93537146091694
atoll	-1.05651484063128
raider	-1.2966140382923186
cough	0.7529471588786691
crossover	0.6745724815991707
bodyguard	-0.8841717734467238
subversive	1.0627636782592162
reactionary	1.0047664812009316
holiness	0.7475315742194653
neurological	0.5165033310331637
basil	-0.6473110690712929
vertically	-0.8775270099285991
obamacare	0.9875596594065428
popper	0.9761425289325416
abrams	0.5736294642556459
fairness	1.8940553043503316
tolerant	0.8525407616980374
centrist	0.8434386431472376
afro	0.8371650095214136
pasture	-0.8906285564880818
namesake	-1.0128493260126559
quotient	0.9176708373706788
hungry	0.8622974711470306
dynastic	-0.9062291053705848
civilisation	-0.9770527977962048
enclave	-1.6290219756774604
